study,tp,fp,fn,tn,or,lnor,orse,g
study1,16,49,12,53,1.442176871,0.366153688,0.430243444,1
study2,10,30,8,32,1.333333333,0.287682072,0.538129476,1
study3,19,61,14,66,1.468384075,0.384162527,0.394468133,1
study4,80,320,25,375,3.75,1.32175584,0.241436672,0
study5,11,29,8,32,1.517241379,0.416893804,0.530699397,0
study6,18,47,16,49,1.17287234,0.159455732,0.399675261,0
